"HMDBID","KEGGID","Name","Diff"
NA,"C06451","(2-Hydroxyethyl)phosphonicacid",1
NA,"-","(2R,3S,4S,5R,6S)-2-(hydroxymethyl)-6-[(2S)-2-methyl-4-(7H-purin-6-ylamino)butoxyoxane-3,4,5-triol",1
"HMDB0001023","C11455","(3beta,5alpha)-4,4-Dimethylcholesta-8,14,24-trien-3-ol",1
"HMDB0006111","-","()12-HETE",1
"HMDB0003876","C04742","()15-HETE",1
"HMDB0011134","-","()5-HETE",1
"HMDB0010222","-","()9-HETE",1
"HMDB0010738","-","1-Methylxanthine",1
"HMDB0004673","-","11,12-EET",1
NA,"-","14(S)-HDHA",1
NA,"-","16,16-DimethylprostaglandinA1",1
"HMDB0004062","C05585","2,5-Dihydroxybenzaldehyde",1
NA,"-","2-docosanamidoethanesulfonicacid",1
"HMDB0036827","C09183","3-Aminoquinoline",1
"HMDB0004813","-","3-Methyluridine",1
"HMDB0000440","C05593","3-hydroxyphenylaceticacid",1
"HMDB0004083","C05645","4-(2-Amino-3-hydroxyphenyl)-2,4-dioxobutanoicacid",1
NA,"C06034","4-Hydroxy-4-methylglutamate",1
NA,"C14535","4-tert-butylbenzoic-acid",1
NA,"-","4-toluenesulfonicacid",1
"HMDB0029191","-","5-(3,4-Dihydroxyphenyl)-gamma-valerolactonesulfate",1
NA,"-","7-[3-(Dimethylamino)propoxy-6-Methoxy-2-(4-Methyl-1,4-Diazepan-1-Yl)-N-(1-Methylpiperidin-4-Yl)quinazolin-4-Amine",1
"HMDB0001496","C03594","7alpha-Hydroxycholesterol",1
"HMDB0030972","-","8-Oxohexadecanoicacid",1
NA,"-","Ala-Ile-Cys-Glu",1
NA,"-","Ala-Lys-Gln",1
NA,"-","Ala-Val-Met",1
NA,"-","Asn-Tyr-Gln-Phe-Phe",1
NA,"-","Benzisoxazole-Hsp90-inhibitor",1
"HMDB0001008","C00500","Biliverdin",1
"HMDB0000030","C00120","Biotin",1
"HMDB0003797","C04056","Bovinicacid",1
NA,"C11791","Bremazocine",1
"HMDB0015057","C08007","Buprenorphine",1
NA,"C12206","Caffeylalcohol",1
NA,"C09088","Callichiline",1
"HMDB0249647","C18416","Carbosulfan",1
NA,"-","CarnitineC11:DC",1
NA,"-","CarnitineC14:2",1
"HMDB0000015","C05488","Cortexolone",1
NA,"C03032","Cyclopiazonicacid",1
NA,"-","Cys-Glu-Arg",1
"HMDB0003581","C01909","Dethiobiotin",1
"HMDB0000638","C02679","FFA(12:0)",1
"HMDB0015082","D01161","Fulvestrant",1
NA,"-","Gal1-3GlcNAcSp",1
"HMDB0036945","-","GibberellinA125",1
NA,"-","Gln-Tyr-Thr-Lys",1
NA,"-","Gly-His-Val",1
NA,"-","Gly-Thr-Val-Met-Arg",1
"HMDB0006210","-","Heptadecanoylcarnitine",1
"HMDB0061835","-","Heptethylene-glycol",1
NA,"-","His-Arg-Val",1
NA,"-","His-Glu-Phe",1
NA,"-","His-Gly-Phe-His-Val",1
NA,"-","His-Phe-Glu",1
"HMDB0003447","C00955","Indole3-Ethanol",1
NA,"-","Isovalerophenone",1
NA,"C19613","JuvenilehormoneI",1
"HMDB0007850","-","LPA(0:0/18:0)",1
NA,"-","LPC(0:0/20:4)",1
NA,"-","LPC(0:0/22:4)",1
NA,"-","LPC(0:0/22:5)",1
"HMDB0010395","-","LPC(20:4/0:0)",1
"HMDB0010401","-","LPC(22:4/0:0)",1
"HMDB0011494","-","LPE(0:0/22:5)",1
"HMDB0011504","-","LPE(16:1/0:0)",1
"HMDB0011524","-","LPE(22:5/0:0)",1
NA,"-","Leu-Ser-Glu-Lys-Tyr",1
NA,"-","Lys-Phe-Lys",1
"HMDB0000703","C01984","MandelicAcid",1
"HMDB0254332","D08156","Marbofloxacin",1
"HMDB0029711","C08720","Maritimetin",1
NA,"-","Mepiprazole",1
NA,"-","Met-Ile-Ser",1
NA,"-","Methopreneacid",1
"HMDB0038991","-","Methyldioxindole-3-acetate",1
"HMDB0041933","-","Mitragynine",1
NA,"-","N-(6-Aminohexyl)-1-chloro-naphthalene-5-sulfonamide",1
NA,"-","N-Hexadecanoyl-L-homoserinelactone",1
NA,"-","N-[2-(Dimethylamino)ethyl-N-methyl-4-[[4-[4-morpholin-4-yl-7-(2,2,2-trifluoroethyl)pyrrolo[2,3-dpyrimidin-2-ylphenylcarbamoylaminobenzamide",1
"HMDB0000833","C03410","N-ethyleneglycolneuraminicacid",1
NA,"-","O-2545(hydrochloride)",1
NA,"C03015","O-Carbamoyl-L-serine",1
NA,"-","Phe-Glu-Lys-Ala-Ala",1
NA,"-","Phe-Ile-Asp-Leu-Asn",1
NA,"-","Phe-Ile-Met",1
NA,"-","Phe-Lys-Lys",1
"HMDB0030564","C10275","Polydatin",1
"HMDB0256729","D05589","Pralatrexate",1
NA,"-","ProstaglandinD2methylester",1
"HMDB0059965","C16700","ProtocatechuicAldehyde",1
"HMDB0000020","C00642","PHydroxyphenylAceticAcid",1
"HMDB0257043","-","Quinmerac",1
"HMDB0257362","D05775","Rufinamide",1
"HMDB0000840","-","Salicyluricacid",1
NA,"-","Ser-Leu-Leu",1
NA,"-","Ser-Val-Gln-Glu",1
"HMDB0000036","C05122","Taurocholicacid",1
NA,"-","Tenovin-6",1
NA,"C20546","TerpendoleC",1
"HMDB0006246","-","Tetracosatetraenoicacid(24:4n-6)",1
"HMDB0030174","C09654","Tetrandrine",1
"HMDB0240222","-","Thonzylamine",1
NA,"-","Thr-Phe-Leu-Arg",1
NA,"-","Thr-Val-Tyr-Lys-Gly",1
"HMDB0000273","C00214","Thymidine",1
"HMDB0014520","C07171","Trihexyphenidyl",1
"HMDB0259258","-","Triparanol",1
"HMDB0001858","C01468","p-Cresol",1
